rxn_id	compartment	equation_cpd_ids	equation_names	reaction_name	source	log_action
rxn00735_c0	c0	cpd00003_c0 + cpd03593_c0 --> cpd00004_c0 + cpd00011_c0 + cpd00094_c0	NAD_c0 + cpd03593_c0 --> NADH_c0 + CO2_c0 + 2-Oxobutyrate_c0	(2R,3S)-3-methylmalate:NAD+ oxidoreductase	excel_added_to_fsp237	added_equation
rxn08043_m0	m0	cpd00020_m0 + cpd00067_m0 + cpd00094_m0 --> cpd00011_m0 + cpd00498_m0	Pyruvate_m0 + H+_m0 + 2-Oxobutyrate_m0 --> CO2_m0 + cpd00498_m0	pyruvate:2-oxobutanoate acetaldehydetransferase (decarboxylating)	excel_added_to_fsp237	added_equation
rxn08764_m0	m0	cpd00005_m0 + cpd00067_m0 + cpd00498_m0 <=> cpd00006_m0 + cpd02535_m0	NADPH_m0 + H+_m0 + cpd00498_m0 <=> NADP_m0 + cpd02535_m0	ketol-acid reductoisomerase (2-Acetolactate)	excel_added_to_fsp237	added_equation
rxn03437_m0	m0	cpd02535_m0 --> cpd00001_m0 + cpd00508_m0	cpd02535_m0 --> H2O_m0 + 3MOP_m0	(R)-2,3-Dihydroxy-3-methylpentanoate hydro-lyase	excel_added_to_fsp237	added_equation
rxn02186_m0	m0	cpd00005_m0 + cpd00067_m0 + cpd00668_m0 <=> cpd00006_m0 + cpd02498_m0	NADPH_m0 + H+_m0 + ALCTT_m0 <=> NADP_m0 + cpd02498_m0	2,3-Dihydroxy-3-methylbutanoate:NADP+ oxidoreductase (isomerizing)	excel_added_to_fsp237	added_equation
rxn00898_m0	m0	cpd02498_m0 --> cpd00001_m0 + cpd00123_m0	cpd02498_m0 --> H2O_m0 + 3-Methyl-2-oxobutanoate_m0	2,3-Dihydroxy-3-methylbutanoate hydro-lyase	excel_added_to_fsp237	added_equation
rxn12193_c0	c0	cpd01646_c0 <=> cpd02693_c0	2-Isopropylmalate_c0 <=> 3-Isopropylmalate_c0	3-isopropylmalate dehydratase	excel_added_to_fsp237	added_equation
rxn00527_c0	c0	cpd00024_c0 + cpd00069_c0 <=> cpd00023_c0 + cpd00868_c0	2-Oxoglutarate_c0 + L-Tyrosine_c0 <=> L-Glutamate_c0 + p-hydroxyphenylpyruvate_c0	tyrosine transaminase, irreversible (mitochondrial)	excel_added_to_fsp237	added_equation
rxn00527_m0	m0	cpd00024_m0 + cpd00069_m0 <=> cpd00023_m0 + cpd00868_m0	2-Oxoglutarate_m0 + L-Tyrosine_m0 <=> L-Glutamate_m0 + p-hydroxyphenylpyruvate_m0	tyrosine transaminase, irreversible (mitochondrial)	excel_added_to_fsp237	added_equation
rxn00527_x0	x0	cpd00024_x0 + cpd00069_x0 <=> cpd00023_x0 + cpd00868_x0	2-Oxoglutarate_x0 + L-Tyrosine_x0 <=> L-Glutamate_x0 + p-hydroxyphenylpyruvate_x0	tyrosine transaminase, irreversible (mitochondrial)	excel_added_to_fsp237	added_equation
rxn02508_c0	c0	cpd02642_c0 --> cpd00956_c0	N-5-phosphoribosyl-anthranilate_c0 --> 1-(2-carboxyphenylamino)-1-deoxyribulose 5-phosphate_c0	N-(5-Phospho-beta-D-ribosyl)anthranilate ketol-isomerase_c0	excel_added_to_fsp237	added_imm904
rxn01927_c0	c0	cpd00007_c0 + cpd00483_c0 --> cpd00067_c0 + cpd02692_c0	O2_c0 + 3-Hydroxyanthranilate_c0 --> H+_c0 + 2-Amino-3-carboxymuconate semialdehyde_c0	3-Hydroxyanthranilate:oxygen 3,4-oxidoreductase (decyclizing)_c0	excel_added_to_fsp237	added_imm904
rxn02465_m0	m0	cpd00006_m0 + cpd00009_m0 + cpd00918_m0 <=> cpd00005_m0 + cpd00067_m0 + cpd02552_m0	NADP_m0 + Phosphate_m0 + 2-Acetamido-5-oxopentanoate_m0 <=> NADPH_m0 + H+_m0 + n-acetylglutamyl-phosphate_m0	N-acetyl-L-glutamate-5-semialdehyde:NADP+ 5-oxidoreductase (phosphrylating)	excel_added_to_fsp237	added_equation
rxn03175_c0	c0	cpd02979_c0 --> cpd02991_c0	phosphoribosylformiminoaicar-phosphate_c0 --> phosphoribulosylformimino-AICAR-phosphate_c0	N-(5'-Phospho-D-ribosylformimino)-5-amino-1- (5''-phospho-D-ribosyl)-4-imidazolecarboxamide ketol-isomerase_c0	excel_added_to_fsp237	added_imm904
rxn02466_m0	m0	cpd00919_m0 <=> cpd00001_m0 + cpd02483_m0	Homocitrate_m0 <=> H2O_m0 + cpd02483_m0	2-Hydroxybutane-1,2,4-tricarboxylate hydro-lyase	excel_added_to_fsp237	added_equation
rxn03034_m0	m0	cpd03372_m0 <=> cpd00001_m0 + cpd02483_m0	cpd03372_m0 <=> H2O_m0 + cpd02483_m0	Homoisocitrate hydro-lyase	excel_added_to_fsp237	added_equation
rxn09638_c0	c0	cpd00002_c0 + cpd00005_c0 + cpd00705_c0 --> cpd00006_c0 + cpd00012_c0 + cpd00018_c0 + cpd02522_c0	ATP_c0 + NADPH_c0 + L-2-Aminoadipate_c0 --> NADP_c0 + PPi_c0 + AMP_c0 + cpd02522_c0	L-aminoadipate-semialdehyde dehydrogenase	excel_added_to_fsp237	added_equation
rxn01663_c0	c0	cpd00001_c0 + cpd00006_c0 + cpd00351_c0 <=> cpd00005_c0 + cpd00023_c0 + cpd00067_c0 + cpd02522_c0	H2O_c0 + NADP_c0 + Saccharopine_c0 <=> NADPH_c0 + L-Glutamate_c0 + H+_c0 + cpd02522_c0	 N6-(L-1,3-Dicarboxypropyl)-L-lysine:NADP+ oxidoreductase	excel_added_to_fsp237	added_equation
rxn05035_c0	c0	cpd00067_c0 + cpd00239_c0 + cpd00738_c0 --> cpd00009_c0 + cpd00084_c0	H+_c0 + H2S_c0 + phosphoserine_c0 --> Phosphate_c0 + L-Cysteine_c0	 O-phospho-L-serine:hydrogen-sulfide 2-amino-2-carboxyethyltransferase	excel_added_to_fsp237	added_equation
rxn01816_c0	c0	cpd00036_c0 + cpd00067_c0 + cpd00424_c0 <=> cpd00084_c0 + cpd00822_c0	Succinate_c0 + H+_c0 + Cystathionine_c0 <=> L-Cysteine_c0 + O-Succinyl-L-homoserine_c0	rxn01816 [R02508]	excel_added_to_fsp237	added_equation
rxn00950_c0	c0	cpd00001_c0 + cpd00424_c0 --> cpd00013_c0 + cpd00020_c0 + cpd00135_c0	H2O_c0 + Cystathionine_c0 --> NH3_c0 + Pyruvate_c0 + Homocysteine_c0	Cystathionine L-homocysteine-lyase (deaminating)_c0	excel_added_to_fsp237	added_imm904
rxn08703_c0	c0	cpd00135_c0 + cpd02027_c0 --> 2 cpd00060_c0 + cpd00067_c0	Homocysteine_c0 + S-Methyl-L-methionine_c0 --> 2 L-Methionine_c0 + H+_c0	S-methylmethionine homocysteine transmethylase	excel_added_to_fsp237	added_equation
rxn00692_c0	c0	cpd00001_c0 + cpd00033_c0 + cpd00125_c0 <=> cpd00054_c0 + cpd00087_c0	H2O_c0 + Glycine_c0 + 5-10-Methylenetetrahydrofolate_c0 <=> L-Serine_c0 + Tetrahydrofolate_c0	 5,10-Methylenetetrahydrofolate:glycine hydroxymethyltransferase	excel_added_to_fsp237	added_equation
rxn00692_m0	m0	cpd00001_m0 + cpd00033_m0 + cpd00125_m0 <=> cpd00054_m0 + cpd00087_m0	H2O_m0 + Glycine_m0 + 5-10-Methylenetetrahydrofolate_m0 <=> L-Serine_m0 + Tetrahydrofolate_m0	 5,10-Methylenetetrahydrofolate:glycine hydroxymethyltransferase	excel_added_to_fsp237	added_equation
rxn11084_c0	c0	cpd00118_c0 + cpd16165_c0 <=> cpd00147_c0 + cpd00264_c0	Putrescine_c0 + cpd16165_c0 <=> 5-Methylthioadenosine_c0 + Spermidine_c0	spermidine synthase	excel_added_to_fsp237	added_equation
rxn05107_c0	c0	cpd00009_c0 + cpd11255_c0 --> cpd00001_c0 + cpd11295_c0	Phosphate_c0 + cpd11255_c0 --> H2O_c0 + 2,3-diketo5-methylthio-1-phosphopentane_c0	5-(methylthio)-2,3-dioxopentyl-phosphate phosphohydrolase (isomerizing)	excel_added_to_fsp237	added_equation
rxn05091_c0	c0	cpd00007_c0 + cpd11255_c0 <=> cpd00047_c0 + cpd00067_c0 + cpd00204_c0 + cpd05191_c0	O2_c0 + cpd11255_c0 <=> Formate_c0 + H+_c0 + cpd00204_c0 + cpd05191_c0	1,2-dihydroxy-5-(methylthio)pent-1-en-3-one:oxygen oxidoreductase (formate- and CO-forming)	excel_added_to_fsp237	added_equation
rxn05092_c0	c0	cpd00007_c0 + cpd11255_c0 --> cpd00047_c0 + 2 cpd00067_c0 + cpd00869_c0	O2_c0 + cpd11255_c0 --> Formate_c0 + 2 H+_c0 + 4-methylthio 2-oxobutyrate_c0	1,2-dihydroxy-5-(methylthio)pent-1-en-3-one:oxygen oxidoreductase (formate-forming)	excel_added_to_fsp237	added_equation
rxn13209_c0	c0	cpd00067_c0 + cpd00200_c0 --> cpd00011_c0 + cpd04534_c0	H+_c0 + 4MOP_c0 --> CO2_c0 + 3-Methylbutanal_c0	RXN-7692.c_c0	excel_added_to_fsp237	added_imm904
rxn01840_c0	c0	cpd00001_c0 + cpd00003_c0 + cpd00464_c0 --> cpd00004_c0 + 2 cpd00067_c0 + cpd00430_c0	H2O_c0 + NAD_c0 + alpha-Tolualdehyde_c0 --> NADH_c0 + 2 H+_c0 + PACT_c0	Phenylacetaldehyde:NAD+ oxidoreductase_c0	excel_added_to_fsp237	added_imm904
rxn00522_c0	c0	cpd00001_c0 + cpd00007_c0 + cpd00069_c0 --> cpd00013_c0 + cpd00025_c0 + cpd00868_c0	H2O_c0 + O2_c0 + L-Tyrosine_c0 --> NH3_c0 + H2O2_c0 + p-hydroxyphenylpyruvate_c0	L-Tyrosine:oxygen oxidoreductase (deaminating)	excel_added_to_fsp237	added_equation
rxn01937_m0	m0	cpd00001_m0 + cpd00003_m0 + cpd00486_m0 --> cpd00004_m0 + 2 cpd00067_m0 + cpd00703_m0	H2O_m0 + NAD_m0 + Indoleacetaldehyde_m0 --> NADH_m0 + 2 H+_m0 + Indoleacetate_m0	Indole-3-acetaldehyde:NAD+ oxidoreductase_m0	excel_added_to_fsp237	added_imm904
rxn15507_c0	c0	cpd00024_c0 + cpd19042_c0 <=> cpd00023_c0 + cpd19041_c0	2-Oxoglutarate_c0 + L-erythro-4-Hydroxyglutamate_c0 <=> L-Glutamate_c0 + cpd19041_c0	 [L-erythro-4-hydroxyglutamate:2-oxoglutarate aminotransferase]	excel_added_to_fsp237	added_equation
rxn15507_m0	m0	cpd00024_m0 + cpd19042_m0 <=> cpd00023_m0 + cpd19041_m0	2-Oxoglutarate_m0 + L-erythro-4-Hydroxyglutamate_m0 <=> L-Glutamate_m0 + cpd19041_m0	nan	excel_added_to_fsp237	added_equation
rxn02061_c0	c0	cpd00264_c0 + cpd00837_c0 --> cpd00067_c0 + cpd00147_c0 + cpd00558_c0	Spermidine_c0 + S-Adenosylmethioninamine_c0 --> H+_c0 + 5-Methylthioadenosine_c0 + Spermine_c0	S-adenosylmethioninamine:spermidine 3-aminopropyltransferase_c0	excel_added_to_fsp237	added_imm904
rxn00740_c0	c0	cpd00001_c0 + cpd00822_c0 <=> cpd00013_c0 + cpd00036_c0 + cpd00067_c0 + cpd00094_c0	H2O_c0 + O-Succinyl-L-homoserine_c0 <=> NH3_c0 + Succinate_c0 + H+_c0 + 2-Oxobutyrate_c0	O-Succinyl-L-homoserine succinate-lyase (deaminating; 2-oxobutanoate-forming)_c0	excel_added_to_fsp237	added_imm904
rxn02752_c0	c0	cpd00001_c0 + cpd00007_c0 + cpd01680_c0 --> cpd00025_c0 + cpd00470_c0 + cpd01504_c0	H2O_c0 + O2_c0 + N1-Acetylspermine_c0 --> H2O2_c0 + N1-Acetylspermidine_c0 + 3-Aminopropanal_c0	N1-acetylspermine:oxygen oxidoreductase (3-acetamidopropanal-forming)_c0	excel_added_to_fsp237	added_imm904
rxn13388_c0	c0	cpd00001_c0 + cpd00007_c0 + cpd00558_c0 --> cpd00025_c0 + cpd00264_c0 + cpd01504_c0	H2O_c0 + O2_c0 + Spermine_c0 --> H2O2_c0 + Spermidine_c0 + 3-Aminopropanal_c0	spermidine:oxygen oxidoreductase (spermidine-forming)_c0	excel_added_to_fsp237	added_imm904
rxn09878_c0	c0	cpd00001_c0 + cpd00007_c0 + cpd00470_c0 --> cpd00025_c0 + cpd01504_c0 + cpd01758_c0	H2O_c0 + O2_c0 + N1-Acetylspermidine_c0 --> H2O2_c0 + 3-Aminopropanal_c0 + N-Acetylputrescine_c0	Polyamine oxidase_c0	excel_added_to_fsp237	added_imm904
rxn00165_c0	c0	cpd00054_c0 --> cpd00013_c0 + cpd00020_c0	L-Serine_c0 --> NH3_c0 + Pyruvate_c0	L-serine ammonia-lyase_c0	excel_added_to_fsp237	added_imm904
rxn22781_c0	c0	cpd00001_c0 + cpd00003_c0 + cpd01504_c0 --> cpd00004_c0 + 2 cpd00067_c0 + cpd00085_c0	H2O_c0 + NAD_c0 + 3-Aminopropanal_c0 --> NADH_c0 + 2 H+_c0 + beta-Alanine_c0	RXN-12332.x_c0	excel_added_to_fsp237	added_imm904
rxn00342_c0	c0	cpd00001_c0 + cpd00132_c0 --> cpd00013_c0 + cpd00041_c0	H2O_c0 + L-Asparagine_c0 --> NH3_c0 + L-Aspartate_c0	L-Asparagine amidohydrolase_c0	excel_added_to_fsp237	added_imm904
rxn00623_c0	c0	3 cpd00001_c0 + 3 cpd00006_c0 + cpd00239_c0 <=> 3 cpd00005_c0 + 3 cpd00067_c0 + cpd00081_c0	3 H2O_c0 + 3 NADP_c0 + H2S_c0 <=> 3 NADPH_c0 + 3 H+_c0 + Sulfite_c0	hydrogen-sulfide:NADP+ oxidoreductase	excel_added_to_fsp237	added_equation
rxn03147_c0	c0	cpd00002_c0 + cpd00041_c0 + cpd02893_c0 --> cpd00008_c0 + cpd00009_c0 + 2 cpd00067_c0 + cpd02921_c0	ATP_c0 + L-Aspartate_c0 + 5'-Phosphoribosyl-4-carboxy-5-aminoimidazole_c0 --> ADP_c0 + Phosphate_c0 + 2 H+_c0 + cpd02921_c0	 1-(5-Phosphoribosyl)-5-amino-4-carboxyimidazole:L-aspartate ligase (ADP-forming)	excel_added_to_fsp237	added_equation
rxn03136_c0	c0	cpd02921_c0 <=> cpd00106_c0 + cpd02851_c0	cpd02921_c0 <=> Fumarate_c0 + AICAR_c0	1-(5'-Phosphoribosyl)-5-amino-4-(N-succinocarboxamide)-imidazole AMP-lyase	excel_added_to_fsp237	added_equation
rxn00836_c0	c0	cpd00103_c0 + cpd00226_c0 --> cpd00012_c0 + cpd00114_c0	PRPP_c0 + HYXN_c0 --> PPi_c0 + IMP_c0	IMP:diphosphate phospho-D-ribosyltransferase_c0	excel_added_to_fsp237	added_imm904
rxn00095_c0	c0	cpd00001_c0 + cpd00924_c0 <=> 2 cpd00008_c0 + 2 cpd00067_c0	H2O_c0 + AppppA_c0 <=> 2 ADP_c0 + 2 H+_c0	P1,P4-bis(5'-adenosyl)-tetraphosphate nucleotidebisphosphohydrolase_c0	excel_added_to_fsp237	added_imm904
rxn00096_c0	c0	cpd00002_c0 + cpd00008_c0 + cpd00067_c0 --> cpd00009_c0 + cpd00924_c0	ATP_c0 + ADP_c0 + H+_c0 --> Phosphate_c0 + AppppA_c0	ADP:ATP adenylyltransferase_c0	excel_added_to_fsp237	added_imm904
rxn01138_c0	c0	cpd00009_c0 + cpd00182_c0 <=> cpd00128_c0 + cpd00475_c0	Phosphate_c0 + Adenosine_c0 <=> Adenine_c0 + Ribose 1-phosphate_c0	Adenosine:phosphate alpha-D-ribosyltransferase_c0	excel_added_to_fsp237	added_imm904
rxn01138_m0	m0	cpd00009_m0 + cpd00182_m0 <=> cpd00128_m0 + cpd00475_m0	Phosphate_m0 + Adenosine_m0 <=> Adenine_m0 + Ribose 1-phosphate_m0	Adenosine:phosphate alpha-D-ribosyltransferase_m0	excel_added_to_fsp237	added_imm904
rxn01859_c0	c0	cpd00009_c0 + cpd00438_c0 <=> cpd00128_c0 + cpd00509_c0	Phosphate_c0 + Deoxyadenosine_c0 <=> Adenine_c0 + deoxyribose-1-phosphate_c0	Deoxyadenosine:orthophosphate ribosyltransferase_c0	excel_added_to_fsp237	added_imm904
rxn01548_c0	c0	cpd00009_c0 + cpd00311_c0 <=> cpd00207_c0 + cpd00475_c0	Phosphate_c0 + Guanosine_c0 <=> Guanine_c0 + Ribose 1-phosphate_c0	guanosine:phosphate alpha-D-ribosyltransferase_c0	excel_added_to_fsp237	added_imm904
rxn01548_m0	m0	cpd00009_m0 + cpd00311_m0 <=> cpd00207_m0 + cpd00475_m0	Phosphate_m0 + Guanosine_m0 <=> Guanine_m0 + Ribose 1-phosphate_m0	guanosine:phosphate alpha-D-ribosyltransferase_m0	excel_added_to_fsp237	added_imm904
rxn01446_c0	c0	cpd00009_c0 + cpd00277_c0 <=> cpd00207_c0 + cpd00509_c0	Phosphate_c0 + Deoxyguanosine_c0 <=> Guanine_c0 + deoxyribose-1-phosphate_c0	Deoxyguanosine:orthophosphate ribosyltransferase_c0	excel_added_to_fsp237	added_imm904
rxn32380_c0	c0	cpd00103_c0 + cpd00207_c0 --> cpd00012_c0 + cpd00126_c0	PRPP_c0 + Guanine_c0 --> PPi_c0 + GMP_c0	diphosphate 5-phospho-alpha-D-ribosyltransferase_c0	excel_added_to_fsp237	added_imm904
rxn01985_c0	c0	cpd00009_c0 + cpd03279_c0 <=> cpd00226_c0 + cpd00509_c0	Phosphate_c0 + Deoxyinosine_c0 <=> HYXN_c0 + deoxyribose-1-phosphate_c0	Deoxyinosine:orthophosphate ribosyltransferase_c0	excel_added_to_fsp237	added_imm904
rxn01649_c0	c0	cpd00009_c0 + cpd01217_c0 <=> cpd00309_c0 + cpd00475_c0	Phosphate_c0 + Xanthosine_c0 <=> XAN_c0 + Ribose 1-phosphate_c0	Xanthosine:orthophosphate ribosyltransferase_c0	excel_added_to_fsp237	added_imm904
rxn01358_c0	c0	cpd00009_c0 + cpd00246_c0 <=> cpd00226_c0 + cpd00475_c0	Phosphate_c0 + Inosine_c0 <=> HYXN_c0 + Ribose 1-phosphate_c0	inosine:phosphate alpha-D-ribosyltransferase_c0	excel_added_to_fsp237	added_imm904
rxn01519_c0	c0	cpd00001_c0 + cpd00358_c0 --> cpd00012_c0 + cpd00067_c0 + cpd00299_c0	H2O_c0 + dUTP_c0 --> PPi_c0 + H+_c0 + dUMP_c0	dUTP nucleotidohydrolase_c0	excel_added_to_fsp237	added_imm904
rxn01799_c0	c0	cpd00009_c0 + cpd00412_c0 <=> cpd00092_c0 + cpd00509_c0	Phosphate_c0 + Deoxyuridine_c0 <=> Uracil_c0 + deoxyribose-1-phosphate_c0	deoxyuridine:orthophosphate 2-deoxy-D-ribosyltransferase_c0	excel_added_to_fsp237	added_imm904
rxn01146_c0	c0	cpd00009_c0 + cpd00184_c0 <=> cpd00151_c0 + cpd00509_c0	Phosphate_c0 + Thymidine_c0 <=> Thymine_c0 + deoxyribose-1-phosphate_c0	thymidine:phosphate deoxy-alpha-D-ribosyltransferase_c0	excel_added_to_fsp237	added_imm904
rxn05289_m0	m0	cpd00005_m0 + cpd00067_m0 + cpd11420_m0 --> cpd00006_m0 + cpd11421_m0	NADPH_m0 + H+_m0 + trdox_m0 --> NADP_m0 + trdrd_m0	NADPH:oxidized-thioredoxin oxidoreductase_m0	excel_added_to_fsp237	added_imm904
rxn13185_c0	c0	cpd00001_c0 + cpd00067_c0 + cpd01570_c0 --> cpd00700_c0	H2O_c0 + H+_c0 + 2',3'-Cyclic AMP_c0 --> AMP 2'-phosphate_c0	RXN-12057.c_c0	excel_added_to_fsp237	added_imm904
rxn02155_c0	c0	cpd00002_c0 + cpd00067_c0 + cpd00873_c0 --> cpd00012_c0 + cpd00638_c0	ATP_c0 + H+_c0 + Nicotinate ribonucleotide_c0 --> PPi_c0 + Deamido-NAD_c0	ATP:nicotinamide-nucleotide adenylyltransferase_c0	excel_added_to_fsp237	added_imm904
rxn02155_m0	m0	cpd00002_m0 + cpd00067_m0 + cpd00873_m0 --> cpd00012_m0 + cpd00638_m0	ATP_m0 + H+_m0 + Nicotinate ribonucleotide_m0 --> PPi_m0 + Deamido-NAD_m0	ATP:nicotinamide-nucleotide adenylyltransferase_m0	excel_added_to_fsp237	added_imm904
rxn00105_m0	m0	cpd00002_m0 + cpd00067_m0 + cpd00355_m0 --> cpd00003_m0 + cpd00012_m0	ATP_m0 + H+_m0 + Nicotinamide ribonucleotide_m0 --> NAD_m0 + PPi_m0	ATP:nicotinamide-nucleotide adenylyltransferase_m0	excel_added_to_fsp237	added_imm904
rxn00690_c0	c0	cpd00002_c0 + cpd00047_c0 + cpd00087_c0 --> cpd00008_c0 + cpd00009_c0 + cpd00201_c0	ATP_c0 + Formate_c0 + Tetrahydrofolate_c0 --> ADP_c0 + Phosphate_c0 + 10-Formyltetrahydrofolate_c0	Formate:tetrahydrofolate ligase (ADP-forming)_c0	excel_added_to_fsp237	added_imm904
rxn01211_c0	c0	cpd00001_c0 + cpd00347_c0 <=> cpd00067_c0 + cpd00201_c0	H2O_c0 + 5-10-Methenyltetrahydrofolate_c0 <=> H+_c0 + 10-Formyltetrahydrofolate_c0	5,10-Methenyltetrahydrofolate 5-hydrolase (decyclizing)_c0	excel_added_to_fsp237	added_imm904
rxn00907_c0	c0	cpd00006_c0 + cpd00125_c0 <=> cpd00005_c0 + cpd00347_c0	NADP_c0 + 5-10-Methylenetetrahydrofolate_c0 <=> NADPH_c0 + 5-10-Methenyltetrahydrofolate_c0	5,10-methylenetetrahydrofolate:NADP+ oxidoreductase_c0	excel_added_to_fsp237	added_imm904
rxn40427_c0	c0	cpd00003_c0 + cpd00033_c0 + cpd17287_c0 <=> 3 cpd00001_c0 + cpd00133_c0 + cpd26630_c0	NAD_c0 + Glycine_c0 + cpd17287_c0 <=> 3 H2O_c0 + Nicotinamide_c0 + cpd26630_c0	SUICIDAL ENZYME	excel_added_to_fsp237	added_equation
rxn27029_c0	c0	cpd00003_c0 + cpd00033_c0 + cpd00084_c0 --> 3 cpd00001_c0 + cpd00035_c0 + cpd00133_c0 + cpd26630_c0	NAD_c0 + Glycine_c0 + L-Cysteine_c0 --> 3 H2O_c0 + L-Alanine_c0 + Nicotinamide_c0 + cpd26630_c0	 [RXNQT-4300.c]	excel_added_to_fsp237	added_equation
rxn40448_c0	c0	cpd00001_c0 + cpd26630_c0 <=> cpd00018_c0 + 2 cpd00067_c0 + cpd21480_c0	H2O_c0 + cpd26630_c0 <=> AMP_c0 + 2 H+_c0 + cpd21480_c0	NUDIX 	excel_added_to_fsp237	added_equation
rxn40428_c0	c0	cpd00016_c0 + cpd00119_c0 <=> cpd02775_c0	Pyridoxal phosphate_c0 + L-Histidine_c0 <=> 4-Amino-5-phosphomethyl-2-methylpyrimidine_c0	  NMT1 protein [THI5]	excel_added_to_fsp237	added_equation
rxn03108_c0	c0	cpd00002_c0 + cpd02775_c0 --> cpd00008_c0 + cpd02894_c0	ATP_c0 + 4-Amino-5-phosphomethyl-2-methylpyrimidine_c0 --> ADP_c0 + 4-Amino-2-methyl-5-diphosphomethylpyrimidine_c0	ATP:4-amino-2-methyl-5-phosphomethylpyrimidine phosphotransferase_c0	excel_added_to_fsp237	added_imm904
rxn23042_c0	c0	2 cpd00067_c0 + cpd02894_c0 + cpd21480_c0 --> cpd00011_c0 + cpd00012_c0 + cpd00793_c0	2 H+_c0 + 4-Amino-2-methyl-5-diphosphomethylpyrimidine_c0 + cpd21480_c0 --> CO2_c0 + PPi_c0 + Thiamine phosphate_c0	 thiamine-phosphate diphosphorylase (thiamine phosphate synthase)	excel_added_to_fsp237	added_equation
rxn10506_c0	c0	cpd00001_c0 + cpd00067_c0 + cpd15807_c0 --> cpd00013_c0 + cpd02720_c0	H2O_c0 + H+_c0 + 2,5-diamino-6-ribitylamino-4(3H)-pyrimidinone 5'-phosphate_c0 --> NH3_c0 + 5-Amino-6--5-phosphoribitylaminouracil_c0	2,5-diamino-6-ribitylamino-4(3H)-pyrimidinone 5'-phosphate deaminase_c0	excel_added_to_fsp237	added_imm904
rxn00048_c0	c0	cpd00067_c0 + 2 cpd02656_c0 --> cpd00220_c0 + cpd02882_c0	H+_c0 + 2 6-7-Dimethyl-8--1-D-ribityllumazine_c0 --> Riboflavin_c0 + cpd02882_c0	6,7-Dimethyl-8-(1-D-ribityl)lumazine:6,7-dimethyl-8-(1-D-ribityl)lumazine 2,3-butanediyltransferase	excel_added_to_fsp237	added_equation
rxn01251_c0	c0	cpd00001_c0 + cpd00007_c0 + cpd00419_c0 --> cpd00013_c0 + cpd00025_c0 + cpd00215_c0	H2O_c0 + O2_c0 + PM_c0 --> NH3_c0 + H2O2_c0 + Pyridoxal_c0	 Pyridoxamine:oxygen oxidoreductase (deaminating)	excel_added_to_fsp237	added_equation
rxn02277_m0	m0	cpd00002_c0 + cpd00011_c0 + cpd00764_c0 <=> cpd00008_c0 + cpd00009_c0 + 3 cpd00067_c0 + cpd01311_c0	ATP_c0 + CO2_c0 + 7-8-Diaminononanoate_c0 <=> ADP_c0 + Phosphate_c0 + 3 H+_c0 + Dethiobiotin_c0	7,8-Diaminononanoate:carbon-dioxide cyclo-ligase_c0	excel_added_to_fsp237	added_imm904_compartment_remap
rxn02312_m0	m0	cpd00017_c0 + cpd00800_c0 <=> cpd00764_c0 + cpd02701_c0	S-Adenosyl-L-methionine_c0 + 8-Amino-7-oxononanoate_c0 <=> 7-8-Diaminononanoate_c0 + S-Adenosyl-4-methylthio-2-oxobutanoate_c0	S-Adenosyl-L-methionine:8-amino-7-oxononanoate aminotransferase_c0	excel_added_to_fsp237	added_imm904_compartment_remap
rxn05927_m0	m0	2 cpd00017_m0 + cpd00074_m0 + cpd01311_m0 --> 2 cpd00060_m0 + cpd00104_m0 + 2 cpd03091_m0	2 S-Adenosyl-L-methionine_m0 + S_m0 + Dethiobiotin_m0 --> 2 L-Methionine_m0 + BIOT_m0 + 2 cpd03091_m0	 biotin synthase	excel_added_to_fsp237	added_equation
rxn09532_c0	c0	cpd00001_m0 + cpd00010_m0 --> cpd00045_m0 + 2 cpd00067_m0 + cpd00834_m0	H2O_m0 + CoA_m0 --> Adenosine 3-5-bisphosphate_m0 + 2 H+_m0 + Phosphopantetheine_m0	acyl carrier protein synthase, mitochondrial_m0	excel_added_to_fsp237	added_imm904_compartment_remap
rxn01790_c0	c0	cpd00005_c0 + cpd00067_c0 + cpd00712_c0 --> cpd00006_c0 + cpd00408_c0	NADPH_c0 + H+_c0 + 2-Dehydropantoate_c0 --> NADP_c0 + Pantoate_c0	(R)-Pantoate:NADP+ 2-oxidoreductase_c0	excel_added_to_fsp237	added_imm904
rxn12512_c0	c0	cpd00002_c0 + cpd00084_c0 + cpd02201_c0 --> cpd00012_c0 + cpd00018_c0 + 2 cpd00067_c0 + cpd02666_c0	ATP_c0 + L-Cysteine_c0 + 4-phosphopantothenate_c0 --> PPi_c0 + AMP_c0 + 2 H+_c0 + (R)-4'-Phosphopantothenoyl-L-cysteine_c0	phosphopantothenate---cysteine ligase (ATP) 	excel_added_to_fsp237	added_equation
rxn03894_m0	m0	cpd00136_m0 + cpd00906_m0 --> cpd00012_m0 + cpd00067_m0 + cpd09429_m0	4-Hydroxybenzoate_m0 + all-trans-Hexaprenyl diphosphate_m0 --> PPi_m0 + H+_m0 + cpd09429_m0	rxn03894 [R05616] (Hydroxybenzoate octaprenyltransferase mitochondrial)	excel_added_to_fsp237	added_equation
rxn13204_m0	m0	0.5 cpd00007_m0 + cpd09429_m0 --> cpd03092_m0	0.5 O2_m0 + cpd09429_m0 --> 3-Hexaprenyl-4,5-dihydroxybenzoate_m0	 3-Hexaprenyl-4,5-dihydroxybenzoate hydroxylase, mitochondrial	excel_added_to_fsp237	added_equation
rxn03392_m0	m0	cpd00005_m0 + cpd00007_m0 + cpd03441_m0 --> cpd00001_m0 + cpd00006_m0 + cpd03442_m0	NADPH_m0 + O2_m0 + 2-Hexaprenyl-3-methyl-6-methoxy-1,4-benzoquinone_m0 --> H2O_m0 + NADP_m0 + 2-Hexaprenyl-3-methyl-5-hydroxy-6-methoxy-1,4-benzoquinone_m0	2-hexaprenyl-3-methyl-6-methoxy-1,4-benzoquinone monooxygenase, mitochondrial_m0	excel_added_to_fsp237	added_equation
rxn01629_c0	c0	cpd00338_c0 <=> cpd02345_c0	5-Aminolevulinate_c0 <=> cpd02345_c0	(S)-4-Amino-5-oxopentanoate 4,5-aminomutase	excel_added_to_fsp237	added_equation
rxn00024_e0	e0	cpd00007_e0 + 2 cpd00069_e0 --> 2 cpd00291_e0	O2_e0 + 2 L-Tyrosine_e0 --> 2 cpd00291_e0	 1,2-Benzenediol:oxygen oxidoreductase	excel_added_to_fsp237	added_equation
rxn00036_e0	e0	cpd00007_e0 + 2 cpd00291_e0 --> 2 cpd00001_e0 + 2 cpd00612_e0	O2_e0 + 2 cpd00291_e0 --> 2 H2O_e0 + 2 cpd00612_e0	 3,4-dihydroxy-L-phenylalanine:oxygen oxidoreductase	excel_added_to_fsp237	added_equation
rxn11972_e0	e0	cpd00612_e0 --> cpd00067_e0 + cpd03330_e0	cpd00612_e0 --> H+_e0 + cpd03330_e0	rxn11972 [R02962]	excel_added_to_fsp237	added_equation
rxn02611_e0	e0	cpd00067_e0 + cpd01169_e0 --> cpd00011_e0 + cpd03308_e0	H+_e0 + cpd01169_e0 --> CO2_e0 + cpd03308_e0	rxn02611 [R03674]	excel_added_to_fsp237	added_equation
rxn02610_e0	e0	cpd01169_e0 --> cpd02571_e0	cpd01169_e0 --> cpd02571_e0	 L-Dopachrome delta7-delta2-isomerase	excel_added_to_fsp237	added_equation
rxn03338_e0	e0	cpd03330_e0 --> cpd00011_e0 + cpd00067_e0 + cpd03308_e0	cpd03330_e0 --> CO2_e0 + H+_e0 + cpd03308_e0	 R04885	excel_added_to_fsp237	added_equation
rxn03337_e0	e0	cpd00007_e0 + 2 cpd03308_e0 --> 2 cpd00001_e0 + 2 cpd03309_e0	O2_e0 + 2 cpd03308_e0 --> 2 H2O_e0 + 2 cpd03309_e0	 5,6-dihydroxyindole:oxygen oxidoreductase	excel_added_to_fsp237	added_equation
rxn06809_e0	e0	cpd00007_e0 + cpd03309_e0 <=> cpd00001_e0 + cpd12744_e0	O2_e0 + cpd03309_e0 <=> H2O_e0 + cpd12744_e0	rxn06809 [rxn06809]	excel_added_to_fsp237	added_equation
rxn15499_e0	e0	cpd00007_e0 + cpd03309_e0 --> cpd00001_e0 + cpd17923_e0	O2_e0 + cpd03309_e0 --> H2O_e0 + cpd17923_e0	rxn15499 [R04886]	excel_added_to_fsp237	added_equation
rxn07120_e0	e0	cpd02571_e0 <=> cpd12744_e0	cpd02571_e0 <=> cpd12744_e0	rxn07120 [rxn07120]	excel_added_to_fsp237	added_equation
rxn15819_e0	e0	cpd00084_e0 + cpd00612_e0 <=> cpd17921_e0	L-Cysteine_e0 + cpd00612_e0 <=> cpd17921_e0	rxn15819 [R08848]	excel_added_to_fsp237	added_equation
rxn44970_e0	e0	cpd00612_e0 + cpd17921_e0 <=> cpd00291_e0 + cpd35058_e0	cpd00612_e0 + cpd17921_e0 <=> cpd00291_e0 + cpd35058_e0	rxn44970 []	excel_added_to_fsp237	added_equation
rxn22818_m0	m0	cpd00002_m0 + cpd00010_m0 + cpd00308_m0 --> cpd00012_m0 + cpd00018_m0 + cpd00067_m0 + cpd00070_m0	ATP_m0 + CoA_m0 + cpd00308_m0 --> PPi_m0 + AMP_m0 + H+_m0 + Malonyl-CoA_m0	RXN-12359.c	excel_added_to_fsp237	added_equation
rxn00076_x0	x0	cpd00001_x0 + cpd00003_x0 --> cpd00018_x0 + 2 cpd00067_x0 + cpd00355_x0	H2O_x0 + NAD_x0 --> AMP_x0 + 2 H+_x0 + Nicotinamide ribonucleotide_x0	NAD+ phosphohydrolase_x0	excel_added_to_fsp237	added_imm904
rxn03841_c0	c0	cpd08210_c0 --> cpd00020_c0 + cpd00067_c0 + cpd00443_c0	ADC_c0 --> Pyruvate_c0 + H+_c0 + ABEE_c0	4-amino-4-deoxychorismate pyruvate-lyase_c0	excel_added_to_fsp237	added_imm904
rxn01653_c0	c0	cpd00002_c0 + cpd02197_c0 --> cpd00008_c0 + cpd00009_c0 + cpd00347_c0	ATP_c0 + 5-Formyltetrahydrofolate_c0 --> ADP_c0 + Phosphate_c0 + 5-10-Methenyltetrahydrofolate_c0	5-Formyltetrahydrofolate cyclo-ligase (ADP-forming)_c0	excel_added_to_fsp237	added_imm904
rxn01257_c0	c0	cpd00053_c0 + cpd00216_c0 --> cpd00023_c0 + cpd08210_c0	L-Glutamine_c0 + Chorismate_c0 --> L-Glutamate_c0 + ADC_c0	chorismate:L-glutamine aminotransferase_c0	excel_added_to_fsp237	added_imm904
rxn02484_c0	c0	cpd00002_c0 + cpd00939_c0 --> cpd00008_c0 + cpd00067_c0 + cpd02775_c0	ATP_c0 + Toxopyrimidine_c0 --> ADP_c0 + H+_c0 + 4-Amino-5-phosphomethyl-2-methylpyrimidine_c0	ATP:4-amino-5-hydroxymethyl-2-methylpyrimidine 5-phosphotransferase_c0	excel_added_to_fsp237	added_imm904
rxn30439_e0	e0	cpd00001_e0 + cpd00793_e0 --> cpd00009_e0 + cpd00305_e0	H2O_e0 + Thiamine phosphate_e0 --> Phosphate_e0 + Thiamin_e0	thiamin phosphatase, extracellular_e0	excel_added_to_fsp237	added_imm904
rxn09632_e0	e0	2 cpd00001_e0 + cpd00056_e0 --> 2 cpd00009_e0 + cpd00067_e0 + cpd00305_e0	2 H2O_e0 + TPP_e0 --> 2 Phosphate_e0 + H+_e0 + Thiamin_e0	thiamin diphosphatase, extracellular_e0	excel_added_to_fsp237	added_imm904
rxn00198_x0	x0	cpd00006_x0 + cpd00260_x0 --> cpd00005_x0 + cpd00011_x0 + cpd00024_x0	NADP_x0 + Isocitrate_x0 --> NADPH_x0 + CO2_x0 + 2-Oxoglutarate_x0	Isocitrate:NADP+ oxidoreductase (decarboxylating)_x0	excel_added_to_fsp237	added_imm904
rxn06134_c0	c0	cpd00007_c0 + 2 cpd00067_c0 + cpd00327_c0 + 2 cpd11797_c0 <=> cpd00001_c0 + cpd00399_c0 + 2 cpd11795_c0	O2_c0 + 2 H+_c0 + strcoa_c0 + 2 cpd11797_c0 <=> H2O_c0 + cpd00399_c0 + 2 cpd11795_c0	 MGDG specific palmitate delta-7 desaturase SP:A8J015_CHLRE	excel_added_to_fsp237	added_equation
rxn42762_c0	c0	cpd00007_c0 + 2 cpd00067_c0 + cpd00134_c0 + 2 cpd27031_c0 <=> 2 cpd00001_c0 + 2 cpd27029_c0 + cpd33156_c0	O2_c0 + 2 H+_c0 + Palmitoyl-CoA_c0 + 2 cpd27031_c0 <=> 2 H2O_c0 + 2 cpd27029_c0 + cpd33156_c0	palmitoyl-CoA Z11-desaturase 	excel_added_to_fsp237	added_equation
rxn10667_c0	c0	3 cpd00005_c0 + cpd00007_c0 + 4 cpd00067_c0 + cpd00070_c0 + cpd00214_c0 --> 3 cpd00001_c0 + 3 cpd00006_c0 + cpd00010_c0 + cpd00011_c0 + cpd15269_c0	3 NADPH_c0 + O2_c0 + 4 H+_c0 + Malonyl-CoA_c0 + Palmitate_c0 --> 3 H2O_c0 + 3 NADP_c0 + CoA_c0 + CO2_c0 + octadecenoate_c0	fatty acid synthase (n-C18:1)_c0	excel_added_to_fsp237	added_imm904
rxn08445_c0	c0	cpd00001_c0 + cpd15274_c0 --> cpd00010_c0 + 2 cpd00067_c0 + cpd15269_c0	H2O_c0 + Octadecenoyl-CoA_c0 --> CoA_c0 + 2 H+_c0 + octadecenoate_c0	fatty-acid-CoA thioesterase (octadecenoate)	excel_added_to_fsp237	added_equation
rxn08053_x0	x0	cpd00015_x0 + cpd00327_x0 <=> cpd00982_x0 + cpd14937_x0	FAD_x0 + strcoa_x0 <=> FADH2_x0 + (2E)-Octadecenoyl-CoA_x0	acyl-CoA dehydrogenase (octadecanoyl-CoA)	excel_added_to_fsp237	added_equation
rxn00946_x0	x0	cpd00015_x0 + cpd00134_x0 <=> cpd00982_x0 + cpd03126_x0	FAD_x0 + Palmitoyl-CoA_x0 <=> FADH2_x0 + (2E)-Hexadecenoyl-CoA_x0	 Palmitoyl-CoA:oxygen 2-oxidoreductase	excel_added_to_fsp237	added_equation
rxn02804_x0	x0	cpd00022_x0 + cpd01695_x0 <=> cpd00010_x0 + cpd03114_x0	Acetyl-CoA_x0 + Myristoyl-CoA_x0 <=> CoA_x0 + 3-Oxopalmitoyl-CoA_x0	 myristoyl-CoA:acetylCoA C-myristoyltransferase	excel_added_to_fsp237	added_equation
rxn02803_x0	x0	cpd00015_x0 + cpd01695_x0 <=> cpd00982_x0 + cpd03127_x0	FAD_x0 + Myristoyl-CoA_x0 <=> FADH2_x0 + (2E)-Tetradecenoyl-CoA_x0	Tetradecanoyl-CoA:(acceptor) 2,3-oxidoreductase	excel_added_to_fsp237	added_equation
rxn02720_x0	x0	cpd00015_x0 + cpd01260_x0 <=> cpd00982_x0 + cpd02060_x0	FAD_x0 + Lauroyl-CoA_x0 <=> FADH2_x0 + (2E)-Dodecenoyl-CoA_x0	 Lauroyl-CoA:(acceptor) 2,3-oxidoreductase	excel_added_to_fsp237	added_equation
rxn03253_x0	x0	cpd00015_x0 + cpd03128_x0 <=> cpd00982_x0 + cpd03129_x0	FAD_x0 + Decanoyl-CoA_x0 <=> FADH2_x0 + (2E)-Decenoyl-CoA_x0	 Decanoyl-CoA:(acceptor) 2,3-oxidoreductase	excel_added_to_fsp237	added_equation
rxn09480_x0	x0	cpd00010_x0 + cpd15207_x0 --> cpd00022_x0 + cpd00067_x0 + cpd15297_x0	CoA_x0 + 3-Oxohexacosyl-CoA_x0 --> Acetyl-CoA_x0 + H+_x0 + cpd15297_x0	acetyl-CoA acyltransferase (tetracosanoyl-CoA), peroxisomal	excel_added_to_fsp237	added_equation
rxn09463_x0	x0	3 cpd00001_x0 + 3 cpd00003_x0 + 3 cpd00007_x0 + 3 cpd00010_x0 + cpd15297_x0 --> 3 cpd00004_x0 + 3 cpd00022_x0 + 3 cpd00025_x0 + 3 cpd00067_x0 + cpd00327_x0	3 H2O_x0 + 3 NAD_x0 + 3 O2_x0 + 3 CoA_x0 + cpd15297_x0 --> 3 NADH_x0 + 3 Acetyl-CoA_x0 + 3 H2O2_x0 + 3 H+_x0 + strcoa_x0	fatty acid oxidation (tetradecansoyl-CoA), peroxisomal	excel_added_to_fsp237	added_equation
rxn00533_m0	m0	cpd00002_m0 + cpd00022_m0 + cpd00242_m0 <=> cpd00008_m0 + cpd00009_m0 + cpd00067_m0 + cpd00070_m0	ATP_m0 + Acetyl-CoA_m0 + H2CO3_m0 <=> ADP_m0 + Phosphate_m0 + H+_m0 + Malonyl-CoA_m0	Acetyl-CoA:carbon-dioxide ligase (ADP-forming)_m0	excel_added_to_fsp237	added_imm904
rxn23551_r0	r0	cpd00067_r0 + cpd00070_r0 + cpd00327_r0 <=> cpd00010_r0 + cpd00011_r0 + cpd24263_r0	H+_r0 + Malonyl-CoA_r0 + strcoa_r0 <=> CoA_r0 + CO2_r0 + 3-oxo-arachidoyl-CoA_r0	3-oxo-arachidonyl-CoA-synthase	excel_added_to_fsp237	added_imm904
rxn23534_r0	r0	cpd00006_r0 + cpd24266_r0 <=> cpd00005_r0 + cpd00067_r0 + cpd24263_r0	NADP_r0 + (3R)-3-hydroxy-arachidoyl-CoA_r0 <=> NADPH_r0 + H+_r0 + 3-oxo-arachidoyl-CoA_r0	3-oxoarachidoyl-CoA-reductase	excel_added_to_fsp237	added_imm904
rxn23565_r0	r0	cpd24266_r0 <=> cpd00001_r0 + cpd24270_r0	(3R)-3-hydroxy-arachidoyl-CoA_r0 <=> H2O_r0 + (2E)-arachidoenoyl-CoA_r0	3-hydroxy-arachidoyl-CoA dehydratase	excel_added_to_fsp237	added_imm904
rxn19046_r0	r0	cpd00006_r0 + cpd01393_r0 <=> cpd00005_r0 + cpd00067_r0 + cpd24270_r0	NADP_r0 + Icosanoyl-CoA_r0 <=> NADPH_r0 + H+_r0 + (2E)-arachidoenoyl-CoA_r0	trans-arachidon-2-enoyl-CoA reductase	excel_added_to_fsp237	added_imm904
rxn23554_r0	r0	cpd00067_r0 + cpd00070_r0 + cpd01393_r0 <=> cpd00010_r0 + cpd00011_r0 + cpd22630_r0	H+_r0 + Malonyl-CoA_r0 + Icosanoyl-CoA_r0 <=> CoA_r0 + CO2_r0 + 3-oxo-behenoyl-CoA_r0	3-oxo-behenoyl-CoA-synthase	excel_added_to_fsp237	added_imm904
rxn23531_r0	r0	cpd00006_r0 + cpd24267_r0 <=> cpd00005_r0 + cpd00067_r0 + cpd22630_r0	NADP_r0 + (3R)-3-hydroxy-behenoyl-CoA_r0 <=> NADPH_r0 + H+_r0 + 3-oxo-behenoyl-CoA_r0	3-oxo-behenoyl-CoA-reductase	excel_added_to_fsp237	added_imm904
rxn22098_r0	r0	cpd24267_r0 <=> cpd00001_r0 + cpd24271_r0	(3R)-3-hydroxy-behenoyl-CoA_r0 <=> H2O_r0 + (2E)-docosenoyl-CoA_r0	trans-arachidon-2-enoyl-CoA reductase	excel_added_to_fsp237	added_imm904
rxn19044_r0	r0	cpd00006_r0 + cpd16343_r0 <=> cpd00005_r0 + cpd00067_r0 + cpd24271_r0	NADP_r0 + Behenoyl-CoA_r0 <=> NADPH_r0 + H+_r0 + (2E)-docosenoyl-CoA_r0	trans-docosan-2-enoyl-CoA reductase	excel_added_to_fsp237	added_imm904
rxn23559_r0	r0	cpd00067_r0 + cpd00070_r0 + cpd16343_r0 <=> cpd00010_r0 + cpd00011_r0 + cpd24264_r0	H+_r0 + Malonyl-CoA_r0 + Behenoyl-CoA_r0 <=> CoA_r0 + CO2_r0 + 3-oxo-lignoceroyl-CoA_r0	3-oxo-lignoceronyl-CoA-synthase	excel_added_to_fsp237	added_imm904
rxn23535_r0	r0	cpd00006_r0 + cpd24268_r0 <=> cpd00005_r0 + cpd00067_r0 + cpd24264_r0	NADP_r0 + (3R)-3-hydroxy-lignoceroyl-CoA_r0 <=> NADPH_r0 + H+_r0 + 3-oxo-lignoceroyl-CoA_r0	3-oxo-lignoceronyl-CoA-reductase	excel_added_to_fsp237	added_imm904
rxn22099_r0	r0	cpd24268_r0 <=> cpd00001_r0 + cpd24272_r0	(3R)-3-hydroxy-lignoceroyl-CoA_r0 <=> H2O_r0 + (2E)-lignocerenoyl-CoA_r0	3-hydroxy-lignoceroyl-CoA dehydratase	excel_added_to_fsp237	added_imm904
rxn19045_r0	r0	cpd00006_r0 + cpd29705_r0 <=> cpd00005_r0 + cpd00067_r0 + cpd24272_r0	NADP_r0 + tetracosanoyl-CoA  (n-C24:0CoA)_r0 <=> NADPH_r0 + H+_r0 + (2E)-lignocerenoyl-CoA_r0	trans-lignocero-2-enoyl-CoA reductase	excel_added_to_fsp237	added_imm904
rxn23557_r0	r0	cpd00067_r0 + cpd00070_r0 + cpd29705_r0 <=> cpd00010_r0 + cpd00011_r0 + cpd24265_r0	H+_r0 + Malonyl-CoA_r0 + tetracosanoyl-CoA  (n-C24:0CoA)_r0 <=> CoA_r0 + CO2_r0 + 3-oxo-cerotoyl-CoA_r0	3-oxo-cerotoyl-CoA-synthase	excel_added_to_fsp237	added_imm904
rxn23536_r0	r0	cpd00006_r0 + cpd24269_r0 <=> cpd00005_r0 + cpd00067_r0 + cpd24265_r0	NADP_r0 + (3R)-3-hydroxy-cerotoyl-CoA_r0 <=> NADPH_r0 + H+_r0 + 3-oxo-cerotoyl-CoA_r0	3-hydroxy-lignoceroyl-CoA dehydratase	excel_added_to_fsp237	added_imm904
rxn22100_r0	r0	cpd24269_r0 <=> cpd00001_r0 + cpd24273_r0	(3R)-3-hydroxy-cerotoyl-CoA_r0 <=> H2O_r0 + (2E)-cerotenoyl-CoA_r0	3-hydroxy-cerotoyl-CoA dehydratase	excel_added_to_fsp237	added_imm904
rxn09599_c0	c0	0.01 cpd11822_c0 + cpd15220_c0 <=> 0.01 cpd15192_c0 + 0.01 cpd15243_c0	0.01 1-Phosphatidyl-myo-inositol_c0 + Ceramide-1 Sphinganine:n-C24:0)_c0 <=> 0.01 1,2-Diacylglycerol, yeast-specific_c0 + 0.01 Inositol phosphorylceramide, ceramide-1 (24C), yeast-specific_c0	Inositol phosphorylceramide synthase (ceramide-1, 24C), yeast-specific	excel_added_to_fsp237	added_imm904
rxn09598_c0	c0	0.01 cpd11822_c0 + cpd15221_c0 <=> 0.01 cpd15192_c0 + 0.01 cpd15244_c0	0.01 1-Phosphatidyl-myo-inositol_c0 + Ceramide-1 Sphinganine:n-C26:0)_c0 <=> 0.01 1,2-Diacylglycerol, yeast-specific_c0 + 0.01 Inositol phosphorylceramide, ceramide-1 (26C), yeast-specific_c0	Inositol phosphorylceramide synthase (ceramide-1, 26C), yeast-specific	excel_added_to_fsp237	added_imm904
rxn09597_c0	c0	0.01 cpd11822_c0 + cpd15224_c0 <=> 0.01 cpd15192_c0 + 0.01 cpd15245_c0	0.01 1-Phosphatidyl-myo-inositol_c0 + Ceramide-2 Phytosphingosine:n-C24:0)_c0 <=> 0.01 1,2-Diacylglycerol, yeast-specific_c0 + 0.01 Inositol phosphorylceramide, ceramide-2 (24C), yeast-specific_c0	Inositol phosphorylceramide synthase (ceramide-2, 24C), yeast-specific	excel_added_to_fsp237	added_imm904
rxn09596_c0	c0	0.01 cpd11822_c0 + cpd15225_c0 <=> 0.01 cpd15192_c0 + 0.01 cpd15246_c0	0.01 1-Phosphatidyl-myo-inositol_c0 + Ceramide-2 Phytosphingosine:n-C26:0)_c0 <=> 0.01 1,2-Diacylglycerol, yeast-specific_c0 + 0.01 Inositol phosphorylceramide, ceramide-2 (26C), yeast-specific_c0	Inositol phosphoryceramide synthase (ceramide-2, 26C), yeast-specific	excel_added_to_fsp237	added_imm904
rxn09595_c0	c0	0.01 cpd11822_c0 + cpd15226_c0 <=> 0.01 cpd15192_c0 + 0.01 cpd15247_c0	0.01 1-Phosphatidyl-myo-inositol_c0 + Ceramide-3 Phytosphingosine:n-C24:0OH)_c0 <=> 0.01 1,2-Diacylglycerol, yeast-specific_c0 + 0.01 Inositol phosphorylceramide, ceramide-3 (24C), yeast-specific_c0	Inositol phosphorylceramide synthase (ceramide-3, 24C), yeast-specific	excel_added_to_fsp237	added_imm904
rxn09594_c0	c0	0.01 cpd11822_c0 + cpd15227_c0 <=> 0.01 cpd15192_c0 + 0.01 cpd15248_c0	0.01 1-Phosphatidyl-myo-inositol_c0 + Ceramide-3 Phytosphingosine:n-C26:0OH)_c0 <=> 0.01 1,2-Diacylglycerol, yeast-specific_c0 + 0.01 Inositol phosphorylceramide, ceramide-3 (26C), yeast-specific_c0	Inositol phosphorylceramide synthase (ceramide-3, 26C), yeast-specific	excel_added_to_fsp237	added_imm904
rxn09593_c0	c0	0.01 cpd11822_c0 + 0.01 cpd15259_c0 <=> 0.01 cpd15192_c0 + 0.01 cpd15253_c0	0.01 1-Phosphatidyl-myo-inositol_c0 + 0.01 mannose-inositol phosphorylceramide, ceramide-1 (24C), yeast-specific_c0 <=> 0.01 1,2-Diacylglycerol, yeast-specific_c0 + 0.01 mannose-(inositol-P)2-ceramide, ceramide-1 (24C), yeast-specific_c0	mannose-(inositol-P)2-ceramide synthase (ceramide-1, 24C), yeast-specific	excel_added_to_fsp237	added_imm904
rxn09592_c0	c0	0.01 cpd11822_c0 + 0.01 cpd15260_c0 <=> 0.01 cpd15192_c0 + 0.01 cpd15254_c0	0.01 1-Phosphatidyl-myo-inositol_c0 + 0.01 mannose-inositol phosphorylceramide, ceramide-1 (26C), yeast-specific_c0 <=> 0.01 1,2-Diacylglycerol, yeast-specific_c0 + 0.01 mannose-(inositol-P)2-ceramide, ceramide-1 (26C), yeast-specific_c0	mannose-(inositol-P)2-ceramide synthase (ceramide-1, 26C), yeast-specific	excel_added_to_fsp237	added_imm904
rxn09591_c0	c0	0.01 cpd11822_c0 + 0.01 cpd15261_c0 <=> 0.01 cpd15192_c0 + 0.01 cpd15255_c0	0.01 1-Phosphatidyl-myo-inositol_c0 + 0.01 mannose-inositol phosphorylceramide, ceramide-2 (24C), yeast-specific_c0 <=> 0.01 1,2-Diacylglycerol, yeast-specific_c0 + 0.01 mannose-(inositol-P)2-ceramide, ceramide-2 (24C), yeast-specific_c0	mannose-(inositol-P)2-ceramide synthase (ceramide-2, 26C), yeast specific	excel_added_to_fsp237	added_imm904
rxn09590_c0	c0	0.01 cpd11822_c0 + 0.01 cpd15262_c0 <=> 0.01 cpd15192_c0 + 0.01 cpd15256_c0	0.01 1-Phosphatidyl-myo-inositol_c0 + 0.01 mannose-inositol phosphorylceramide, ceramide-2 (26C), yeast-specific_c0 <=> 0.01 1,2-Diacylglycerol, yeast-specific_c0 + 0.01 mannose-(inositol-P)2-ceramide, ceramide-2 (26C), yeast-specific_c0	mannose-(inositol-P)2-ceramide synthase (ceramide-2, 24C), yeast-specific	excel_added_to_fsp237	added_imm904
rxn09589_c0	c0	0.01 cpd11822_c0 + 0.01 cpd15263_c0 <=> 0.01 cpd15192_c0 + 0.01 cpd15257_c0	0.01 1-Phosphatidyl-myo-inositol_c0 + 0.01 mannose-inositol phosphorylceramide, ceramide-3 (24C), yeast-specific_c0 <=> 0.01 1,2-Diacylglycerol, yeast-specific_c0 + 0.01 mannose-(inositol-P)2-ceramide, ceramide-3 (24C), yeast-specific_c0	mannose-(inositol-P)2-ceramide synthase (ceramide-3, 24C), yeast specific	excel_added_to_fsp237	added_imm904
rxn09588_c0	c0	0.01 cpd11822_c0 + 0.01 cpd15264_c0 <=> 0.01 cpd15192_c0 + 0.01 cpd15258_c0	0.01 1-Phosphatidyl-myo-inositol_c0 + 0.01 mannose-inositol phosphorylceramide, ceramide-3 (26C)_c0 <=> 0.01 1,2-Diacylglycerol, yeast-specific_c0 + 0.01 mannose-(inositol-P)2-ceramide, ceramide-3 (26C), yeast-specific_c0	mannose-(inositol-P)2-ceramide synthase (ceramide-3, 26C), yeast-specific	excel_added_to_fsp237	added_imm904
rxn09548_c0	c0	cpd00080_c0 + 0.27 cpd00134_c0 + 0.05 cpd00327_c0 + 0.06 cpd01260_c0 + 0.1 cpd01695_c0 + 0.02 cpd03128_c0 + 0.17 cpd15238_c0 + 0.09 cpd15272_c0 + 0.24 cpd15274_c0 --> cpd00010_c0 + 0.01 cpd00517_c0	Glycerol-3-phosphate_c0 + 0.27 Palmitoyl-CoA_c0 + 0.05 strcoa_c0 + 0.06 Lauroyl-CoA_c0 + 0.1 Myristoyl-CoA_c0 + 0.02 Decanoyl-CoA_c0 + 0.17 Hexadecenoyl-CoA_c0 + 0.09 Octadecynoyl-CoA_c0 + 0.24 Octadecenoyl-CoA_c0 --> CoA_c0 + 0.01 cpd00517_c0	glycerol 3-phosphate acyltransferase (glycerol 3-phosphate), yeast-specific	excel_added_to_fsp237	added_equation
rxn09555_c0	c0	0.27 cpd00134_c0 + 0.05 cpd00327_c0 + 0.01 cpd00517_c0 + 0.06 cpd01260_c0 + 0.1 cpd01695_c0 + 0.02 cpd03128_c0 + 0.17 cpd15238_c0 + 0.09 cpd15272_c0 + 0.24 cpd15274_c0 --> cpd00010_c0 + 0.01 cpd15276_c0	0.27 Palmitoyl-CoA_c0 + 0.05 strcoa_c0 + 0.01 cpd00517_c0 + 0.06 Lauroyl-CoA_c0 + 0.1 Myristoyl-CoA_c0 + 0.02 Decanoyl-CoA_c0 + 0.17 Hexadecenoyl-CoA_c0 + 0.09 Octadecynoyl-CoA_c0 + 0.24 Octadecenoyl-CoA_c0 --> CoA_c0 + 0.01 Phosphatidate, yeast-specific_c0	 1-Acyl-glycerol-3-phosphate acyltransferase, yeast-specific	excel_added_to_fsp237	added_equation
rxn01071_c0	c0	cpd00002_c0 + cpd00162_c0 --> cpd00008_c0 + cpd00067_c0 + cpd00285_c0	ATP_c0 + Aminoethanol_c0 --> ADP_c0 + H+_c0 + Phosphoethanolamine_c0	ATP:ethanolamine O-phosphotransferase_c0	excel_added_to_fsp237	added_imm904
rxn09543_c0	c0	cpd00017_c0 + 0.01 cpd11456_c0 <=> cpd00019_c0 + 0.01 cpd11829_c0	S-Adenosyl-L-methionine_c0 + 0.01 Phosphatidylethanolamine_c0 <=> S-Adenosyl-homocysteine_c0 + 0.01 Phosphatidyl-N-methylethanolamine_c0	Phosphatidylethanolamine N methyltransferase yeast specific	excel_added_to_fsp237	added_equation
rxn09545_c0	c0	cpd00017_c0 + 0.01 cpd11829_c0 --> cpd00019_c0 + cpd00067_c0 + 0.01 cpd12514_c0	S-Adenosyl-L-methionine_c0 + 0.01 Phosphatidyl-N-methylethanolamine_c0 --> S-Adenosyl-homocysteine_c0 + H+_c0 + 0.01 Phosphatidyl-N-dimethylethanolamine_c0	methylene-fatty-acyl-phospholipid synthase, yeast-specific_c0	excel_added_to_fsp237	added_imm904
rxn09535_c0	c0	cpd00017_c0 + 0.01 cpd12514_c0 --> cpd00019_c0 + cpd00067_c0 + 0.01 cpd11624_c0	S-Adenosyl-L-methionine_c0 + 0.01 Phosphatidyl-N-dimethylethanolamine_c0 --> S-Adenosyl-homocysteine_c0 + H+_c0 + 0.01 Lecithin_c0	Phosphatidyl-N-methylethanolamine N-methyltransferase, yeast-specific_c0	excel_added_to_fsp237	added_imm904
rxn39089_c0	c0	cpd00054_c0 + 0.01 cpd29685_c0 <=> cpd00046_c0 + cpd00067_c0 + 0.01 cpd29687_c0	L-Serine_c0 + 0.01 cdpdag_BS_c0 <=> CMP_c0 + H+_c0 + 0.01 ps_BS_c0	phosphatidylserine synthase, yeast-specific, mitochondrial_c0	excel_added_to_fsp237	added_imm904
rxn09552_c0	c0	cpd00256_c0 + 0.01 cpd15192_c0 --> cpd00046_c0 + cpd00067_c0 + 0.01 cpd11624_c0	CDPcholine_c0 + 0.01 1,2-Diacylglycerol, yeast-specific_c0 --> CMP_c0 + H+_c0 + 0.01 Lecithin_c0	diacylglycerol cholinephosphotransferase, yeast-specific_c0	excel_added_to_fsp237	added_imm904
rxn09536_c0	c0	cpd00121_c0 + 0.01 cpd11427_c0 <=> cpd00046_c0 + 0.01 cpd11822_c0	L-Inositol_c0 + 0.01 CDP-diacylglycerol_c0 <=> CMP_c0 + 0.01 1-Phosphatidyl-myo-inositol_c0	phosphatidylinositol synthase, yeast-specific	excel_added_to_fsp237	added_imm904
rxn09537_c0	c0	cpd00002_c0 + 0.01 cpd11822_c0 <=> cpd00008_c0 + 0.01 cpd15288_c0	ATP_c0 + 0.01 1-Phosphatidyl-myo-inositol_c0 <=> ADP_c0 + 0.01 phosphatidyl-1D-myo-4-inositol, yeast specific_c0	phosphatidylinositol 4-kinase, yeast-specific	excel_added_to_fsp237	added_imm904
rxn09538_c0	c0	cpd00002_c0 + 0.01 cpd11822_c0 <=> cpd00008_c0 + 0.01 cpd15287_c0	ATP_c0 + 0.01 1-Phosphatidyl-myo-inositol_c0 <=> ADP_c0 + 0.01 phosphatidyl-1D-myo-3-inositol, yeast-specific_c0	1-phosphatidylinositol 3-kinase, yeast-specific	excel_added_to_fsp237	added_imm904
rxn16107_m0	m0	2 cpd00113_m0 + cpd00289_m0 --> 2 cpd00012_m0 + 2 cpd00067_m0 + cpd00906_m0	2 Isopentenyldiphosphate_m0 + Geranylgeranyl diphosphate_m0 --> 2 PPi_m0 + 2 H+_m0 + all-trans-Hexaprenyl diphosphate_m0	 geranylgeranyl-diphosphate:isopentenyl-diphosphate transferase (adding 2 isopentenyl units)	excel_added_to_fsp237	added_equation
rxn13477_m0	m0	3 cpd00113_m0 + cpd00350_m0 --> 3 cpd00012_m0 + 3 cpd00067_m0 + cpd00906_m0	3 Isopentenyldiphosphate_m0 + Farnesyldiphosphate_m0 --> 3 PPi_m0 + 3 H+_m0 + all-trans-Hexaprenyl diphosphate_m0	(2E,6E)-farnesyl-diphosphate:isopentenyl-diphosphate farnesyltranstransferase (adding 3 isopentenyl units)	excel_added_to_fsp237	added_equation
rxn09622_c0	c0	3 cpd00005_c0 + 3 cpd00007_c0 + 2 cpd00067_c0 + cpd15210_c0 --> 4 cpd00001_c0 + 3 cpd00006_c0 + cpd15212_c0	3 NADPH_c0 + 3 O2_c0 + 2 H+_c0 + cpd15210_c0 --> 4 H2O_c0 + 3 NADP_c0 + intermediate-methylzymosterol-I_c0	 C-4 sterol methyl oxidase (4,4-dimethylzymosterol)	excel_added_to_fsp237	added_equation
rxn13416_c0	c0	0.02 cpd00134_c0 + 0.03 cpd00327_c0 + 0.015 cpd01695_c0 + 0.01 cpd03221_c0 + 0.655 cpd15238_c0 + 0.01 cpd15241_c0 + 0.27 cpd15274_c0 --> cpd00010_c0 + 0.01 cpd16896_c0	0.02 Palmitoyl-CoA_c0 + 0.03 strcoa_c0 + 0.015 Myristoyl-CoA_c0 + 0.01 Zymosterol_c0 + 0.655 Hexadecenoyl-CoA_c0 + 0.01 Hexacosanoyl-CoA_c0 + 0.27 Octadecenoyl-CoA_c0 --> CoA_c0 + 0.01 zymosterol ester, yeast-specific_c0	Acyl-CoA:zymosterol acyltransferase, yeast-specific_c0	excel_added_to_fsp237	added_imm904
rxn05918_c0	c0	cpd00067_c0 + cpd00083_c0 + cpd11619_c0 <=> cpd00031_c0 + cpd12407_c0	H+_c0 + GDP-mannose_c0 + Dolichyl phosphate_c0 <=> GDP_c0 + Dolichyl phosphate D-mannose_c0	GDPmannose:dolichyl-phosphate O-beta-D-mannosyltransferase	excel_added_to_fsp237	added_equation
rxn08016_c0	c0	cpd00002_c0 + cpd00214_c0 + cpd11493_c0 <=> cpd00012_c0 + cpd00018_c0 + 2 cpd00067_c0 + cpd15277_c0	ATP_c0 + Palmitate_c0 + ACP_c0 <=> PPi_c0 + AMP_c0 + 2 H+_c0 + Palmitoyl-ACP_c0	palmitate-[acyl-carrier-protein] ligase	excel_added_to_fsp237	added_equation
rxn08017_c0	c0	cpd00002_c0 + cpd11493_c0 + cpd15237_c0 <=> cpd00012_c0 + cpd00018_c0 + 2 cpd00067_c0 + cpd15239_c0	ATP_c0 + ACP_c0 + hexadecenoate_c0 <=> PPi_c0 + AMP_c0 + 2 H+_c0 + Hexadecenoyl-ACP_c0	acyl-[acyl-carrier-protein] synthetase (n-C16:1)	excel_added_to_fsp237	added_equation
rxn34741_c0	c0	cpd00002_c0 + cpd03847_c0 + cpd11493_c0 <=> cpd00012_c0 + cpd00018_c0 + cpd00067_c0 + cpd27551_c0	ATP_c0 + Myristic acid_c0 + ACP_c0 <=> PPi_c0 + AMP_c0 + H+_c0 + Myristoyl-ACPs_c0	long-chain-fatty-acid-[acyl-carrier-protein] ligase (14:0)	excel_added_to_fsp237	added_equation
rxn34744_c0	c0	cpd00002_c0 + cpd11493_c0 + cpd15269_c0 <=> cpd00012_c0 + cpd00018_c0 + 2 cpd00067_c0 + cpd29680_c0	ATP_c0 + ACP_c0 + octadecenoate_c0 <=> PPi_c0 + AMP_c0 + 2 H+_c0 + cis-octadec-11-enoyl-[acyl-carrier protein]_c0	long-chain-fatty-acid-[acyl-carrier-protein] ligase (18:1(11Z))	excel_added_to_fsp237	added_equation
rxn00175_x0	x0	cpd00002_x0 + cpd00010_x0 + cpd00029_x0 --> cpd00012_x0 + cpd00018_x0 + cpd00022_x0	ATP_x0 + CoA_x0 + Acetate_x0 --> PPi_x0 + AMP_x0 + Acetyl-CoA_x0	Acetate:CoA ligase (AMP-forming)_x0	excel_added_to_fsp237	added_imm904
rxn19047_r0	r0	cpd00006_r0 + cpd15241_r0 <=> cpd00005_r0 + cpd00067_r0 + cpd24273_r0	NADP_r0 + Hexacosanoyl-CoA_r0 <=> NADPH_r0 + H+_r0 + (2E)-cerotenoyl-CoA_r0	trans-cerot-2-enoyl-CoA reductase	excel_added_to_fsp237	added_imm904
rxn09549_c0	c0	cpd00444_c0 + 0.01 cpd15192_c0 <=> cpd00046_c0 + 0.01 cpd11456_c0	CDPethanolamine_c0 + 0.01 1,2-Diacylglycerol, yeast-specific_c0 <=> CMP_c0 + 0.01 Phosphatidylethanolamine_c0	 Ethanolaminephosphotransferase, yeast-specific	excel_added_to_fsp237	added_equation
rxn50927_c0	c0	cpd00001_c0 + 0.01 cpd13384_c0 <=> cpd00009_c0 + 0.01 cpd13385_c0	H2O_c0 + 0.01 1-Phosphatidyl-1D-myo-inositol 3,5-bisphosphate_c0 <=> Phosphate_c0 + 0.01 cpd13385_c0	nan	excel_added_to_fsp237	added_equation
rxn24251_c0	c0	cpd00002_c0 + cpd08377_c0 <=> cpd00008_c0 + cpd00067_c0 + cpd00943_c0	ATP_c0 + Inositol 1,4,5,6-tetrakisphosphate_c0 <=> ADP_c0 + H+_c0 + Inositol 1,3,4,5,6-pentakisphosphate_c0	IP3/IP4 6-/3-kinase	excel_added_to_fsp237	added_equation
rxn09629_c0	c0	cpd00005_c0 + cpd00067_c0 + cpd15209_c0 <=> cpd00006_c0 + cpd15210_c0	NADPH_c0 + H+_c0 + 4,4-dimethylcholesta-8,14,24-trienol_c0 <=> NADP_c0 + cpd15210_c0	 C-14 sterol reductase	excel_added_to_fsp237	added_equation
rxn15542_m0	m0	cpd00113_m0 + cpd00350_m0 <=> cpd00012_m0 + cpd12788_m0	Isopentenyldiphosphate_m0 + Farnesyldiphosphate_m0 <=> PPi_m0 + cpd12788_m0	(2E,6E)-farnesyl-diphosphate:isopentenyl-diphosphate cistransferase (adding 10-55 isopentenyl units)	excel_added_to_fsp237	added_equation
rxn35521_m0	m0	2 cpd00004_m0 + cpd12788_m0 <=> 2 cpd00003_m0 + cpd11713_m0	2 NADH_m0 + cpd12788_m0 <=> 2 NAD_m0 + cpd11713_m0	dehydrodolichol diphosphate saturase	excel_added_to_fsp237	added_equation
rxn05913_m0	m0	cpd00001_m0 + cpd11713_m0 <=> cpd00009_m0 + 2 cpd00067_m0 + cpd11619_m0	H2O_m0 + cpd11713_m0 <=> Phosphate_m0 + 2 H+_m0 + Dolichyl phosphate_m0	Dolichyl-diphosphate phosphohydrolase	excel_added_to_fsp237	added_equation
rxn05916_g0	g0	cpd00037_g0 + cpd11619_g0 <=> cpd00091_g0 + cpd12559_g0	cpd00037_g0 + Dolichyl phosphate_g0 <=> UMP_g0 + cpd12559_g0	UDP-N-acetyl-D-glucosamine:dolichyl-phosphate N-acetyl-D-glucosamine phosphotransferase	excel_added_to_fsp237	added_equation
rxn06709_g0	g0	cpd00037_g0 + cpd12559_g0 <=> cpd00014_g0 + cpd12568_g0	cpd00037_g0 + cpd12559_g0 <=> UDP_g0 + cpd12568_g0	UDP-N-acetyl-D-glucosamine:N-acetyl-D-glucosaminyl diphosphodolichol N-acetyl-D-glucosaminyltransferase	excel_added_to_fsp237	added_equation
rxn06712_g0	g0	cpd00083_g0 + cpd12568_g0 <=> cpd00031_g0 + cpd12789_g0	GDP-mannose_g0 + cpd12568_g0 <=> GDP_g0 + Man-beta1->4GlcNAc-beta1->4GlcNAc-PP-Dol_g0	GDPmannose:chitobiosyldiphosphodolichol beta-D-mannosyltransferase	excel_added_to_fsp237	added_equation
rxn13281_c0	c0	3 cpd00005_c0 + cpd00007_c0 + 4 cpd00067_c0 + cpd00070_c0 + cpd01741_c0 --> 3 cpd00001_c0 + 3 cpd00006_c0 + cpd00010_c0 + cpd00011_c0 + cpd15298_c0	3 NADPH_c0 + O2_c0 + 4 H+_c0 + Malonyl-CoA_c0 + ddca_c0 --> 3 H2O_c0 + 3 NADP_c0 + CoA_c0 + CO2_c0 + tetradecenoate_c0	fatty acid synthase (n-C14:1)_c0	excel_added_to_fsp237	added_imm904
rxn10665_c0	c0	3 cpd00005_c0 + cpd00007_c0 + 4 cpd00067_c0 + cpd00070_c0 + cpd03847_c0 --> 3 cpd00001_c0 + 3 cpd00006_c0 + cpd00010_c0 + cpd00011_c0 + cpd15237_c0	3 NADPH_c0 + O2_c0 + 4 H+_c0 + Malonyl-CoA_c0 + Myristic acid_c0 --> 3 H2O_c0 + 3 NADP_c0 + CoA_c0 + CO2_c0 + hexadecenoate_c0	fatty acid synthase (n-C16:1)_c0	excel_added_to_fsp237	added_imm904
rxn09587_c0	c0	cpd00083_c0 + 0.01 cpd15243_c0 --> cpd00031_c0 + cpd00067_c0 + 0.01 cpd15259_c0	GDP-mannose_c0 + 0.01 Inositol phosphorylceramide, ceramide-1 (24C), yeast-specific_c0 --> GDP_c0 + H+_c0 + 0.01 mannose-inositol phosphorylceramide, ceramide-1 (24C), yeast-specific_c0	mannose-inositiol phophorylceramide synthase (ceramide-1, 24C), yeast-specific_c0	excel_added_to_fsp237	added_imm904
rxn09586_c0	c0	cpd00083_c0 + 0.01 cpd15244_c0 --> cpd00031_c0 + cpd00067_c0 + 0.01 cpd15260_c0	GDP-mannose_c0 + 0.01 Inositol phosphorylceramide, ceramide-1 (26C), yeast-specific_c0 --> GDP_c0 + H+_c0 + 0.01 mannose-inositol phosphorylceramide, ceramide-1 (26C), yeast-specific_c0	mannose-inositol phosphorylceramide synthase (ceramide-1, 26C), yeast-specific_c0	excel_added_to_fsp237	added_imm904
rxn09585_c0	c0	cpd00083_c0 + 0.01 cpd15245_c0 --> cpd00031_c0 + cpd00067_c0 + 0.01 cpd15261_c0	GDP-mannose_c0 + 0.01 Inositol phosphorylceramide, ceramide-2 (24C), yeast-specific_c0 --> GDP_c0 + H+_c0 + 0.01 mannose-inositol phosphorylceramide, ceramide-2 (24C), yeast-specific_c0	mannose-inositol phosphorylceramide synthase (ceramide-2, 24C), yeast-specific_c0	excel_added_to_fsp237	added_imm904
rxn09584_c0	c0	cpd00083_c0 + 0.01 cpd15246_c0 --> cpd00031_c0 + cpd00067_c0 + 0.01 cpd15262_c0	GDP-mannose_c0 + 0.01 Inositol phosphorylceramide, ceramide-2 (26C), yeast-specific_c0 --> GDP_c0 + H+_c0 + 0.01 mannose-inositol phosphorylceramide, ceramide-2 (26C), yeast-specific_c0	mannose-inositol phosphorylceramide synthase (ceramide-2, 26C), yeast-specific_c0	excel_added_to_fsp237	added_imm904
rxn09583_c0	c0	cpd00083_c0 + 0.01 cpd15247_c0 --> cpd00031_c0 + cpd00067_c0 + 0.01 cpd15263_c0	GDP-mannose_c0 + 0.01 Inositol phosphorylceramide, ceramide-3 (24C), yeast-specific_c0 --> GDP_c0 + H+_c0 + 0.01 mannose-inositol phosphorylceramide, ceramide-3 (24C), yeast-specific_c0	mannose-inositol phosphorylceramide synthase (ceramide-3, 24C), yeast-specific_c0	excel_added_to_fsp237	added_imm904
rxn09582_c0	c0	cpd00083_c0 + 0.01 cpd15248_c0 --> cpd00031_c0 + cpd00067_c0 + 0.01 cpd15264_c0	GDP-mannose_c0 + 0.01 Inositol phosphorylceramide, ceramide-3 (26C), yeast-specific_c0 --> GDP_c0 + H+_c0 + 0.01 mannose-inositol phosphorylceramide, ceramide-3 (26C)_c0	mannose-inositol phosphorylceramide synthase (ceramide-3, 26C), yeast-specific_c0	excel_added_to_fsp237	added_imm904
rxn00744_c0	c0	cpd00002_c0 + cpd00157_c0 --> cpd00008_c0 + cpd00067_c0 + cpd00095_c0	ATP_c0 + Glycerone_c0 --> ADP_c0 + H+_c0 + Glycerone-phosphate_c0	ATP:glycerone phosphotransferase_c0	excel_added_to_fsp237	added_imm904
rxn39089_m0	m0	cpd00054_m0 + 0.01 cpd29685_m0 <=> cpd00046_m0 + cpd00067_m0 + 0.01 cpd29687_m0	L-Serine_m0 + 0.01 cdpdag_BS_m0 <=> CMP_m0 + H+_m0 + 0.01 ps_BS_m0	phosphatidylserine synthase, yeast-specific, mitochondrial_m0	excel_added_to_fsp237	added_imm904
rxn13287_c0	c0	0.02 cpd00134_c0 + 0.03 cpd00327_c0 + 0.015 cpd01695_c0 + 0.01 cpd02755_c0 + 0.655 cpd15238_c0 + 0.01 cpd15241_c0 + 0.27 cpd15274_c0 --> cpd00010_c0 + 0.01 cpd16883_c0	0.02 Palmitoyl-CoA_c0 + 0.03 strcoa_c0 + 0.015 Myristoyl-CoA_c0 + 0.01 Fecosterol_c0 + 0.655 Hexadecenoyl-CoA_c0 + 0.01 Hexacosanoyl-CoA_c0 + 0.27 Octadecenoyl-CoA_c0 --> CoA_c0 + 0.01 fecosterol ester, yeast-specific_c0	Acyl-CoA:fecosterol acyltransferase, yeast-specific_c0	excel_added_to_fsp237	added_imm904
rxn13335_c0	c0	0.02 cpd00134_c0 + 0.03 cpd00327_c0 + 0.01 cpd01188_c0 + 0.015 cpd01695_c0 + 0.655 cpd15238_c0 + 0.01 cpd15241_c0 + 0.27 cpd15274_c0 --> cpd00010_c0 + 0.01 cpd16885_c0	0.02 Palmitoyl-CoA_c0 + 0.03 strcoa_c0 + 0.01 Lanosterol_c0 + 0.015 Myristoyl-CoA_c0 + 0.655 Hexadecenoyl-CoA_c0 + 0.01 Hexacosanoyl-CoA_c0 + 0.27 Octadecenoyl-CoA_c0 --> CoA_c0 + 0.01 lanosterol ester, yeast-specific_c0	Acyl-CoA:lanosterol acyltransferase, yeast-specific_c0	excel_added_to_fsp237	added_imm904
rxn13254_c0	c0	0.02 cpd00134_c0 + 0.03 cpd00327_c0 + 0.015 cpd01695_c0 + 0.01 cpd14514_c0 + 0.655 cpd15238_c0 + 0.01 cpd15241_c0 + 0.27 cpd15274_c0 --> cpd00010_c0 + 0.01 cpd16880_c0	0.02 Palmitoyl-CoA_c0 + 0.03 strcoa_c0 + 0.015 Myristoyl-CoA_c0 + 0.01 Episterol_c0 + 0.655 Hexadecenoyl-CoA_c0 + 0.01 Hexacosanoyl-CoA_c0 + 0.27 Octadecenoyl-CoA_c0 --> CoA_c0 + 0.01 episterol ester, yeast-specific_c0	Acyl-CoA:episterol acyltransferase, yeast-specific_c0	excel_added_to_fsp237	added_imm904
rxn09510_c0	c0	cpd00083_c0 + cpd11619_c0 --> cpd00031_c0 + cpd12407_r0	GDP-mannose_c0 + Dolichyl phosphate_c0 --> GDP_c0 + Dolichyl phosphate D-mannose_r0	Dolichyl-phosphate D-mannosyltransferase_g0	excel_added_to_fsp237	added_imm904
rxn13381_e0	e0	cpd00001_e0 + 0.005 cpd11822_e0 --> 0.27 cpd00214_e0 + 0.5 cpd00902_e0 + 0.05 cpd01080_e0 + 0.02 cpd01107_e0 + 0.06 cpd01741_e0 + 0.1 cpd03847_e0 + 0.17 cpd15237_e0 + 0.24 cpd15269_e0 + 0.09 cpd16888_e0	H2O_e0 + 0.005 1-Phosphatidyl-myo-inositol_e0 --> 0.27 Palmitate_e0 + 0.5 sn-glycero-3-Phospho-1-inositol_e0 + 0.05 ocdca_e0 + 0.02 Decanoate_e0 + 0.06 ddca_e0 + 0.1 Myristic acid_e0 + 0.17 hexadecenoate_e0 + 0.24 octadecenoate_e0 + 0.09 octadecadienoate (n-C18:2)_e0	phospholipase B (phosphatidylinositol), yeast-specific (extracellular)	excel_added_to_fsp237	added_imm904
